url_path,full_url,type,access,dynamic,localized,source_file
/,https://pacred.co/,page,public,no,yes,app/[locale]/(public)/page.tsx
/about,https://pacred.co/about,page,public,no,yes,app/[locale]/(public)/about/page.tsx
/book,https://pacred.co/book,page,public,no,yes,app/[locale]/(public)/book/page.tsx
/booking,https://pacred.co/booking,page,public,no,yes,app/[locale]/(public)/booking/page.tsx
/book/[service],https://pacred.co/book/[service],page,public,yes,yes,app/[locale]/(public)/book/[service]/page.tsx
/book/[service]/[route],https://pacred.co/book/[service]/[route],page,public,yes,yes,app/[locale]/(public)/book/[service]/[route]/page.tsx
/book/[service]/[route]/confirmation,https://pacred.co/book/[service]/[route]/confirmation,page,public,yes,yes,app/[locale]/(public)/book/[service]/[route]/confirmation/page.tsx
/book/[service]/[route]/review,https://pacred.co/book/[service]/[route]/review,page,public,yes,yes,app/[locale]/(public)/book/[service]/[route]/review/page.tsx
/book-start,https://pacred.co/book-start,page,public,no,yes,app/[locale]/(public)/book-start/page.tsx
/contact,https://pacred.co/contact,page,public,no,yes,app/[locale]/(public)/contact/page.tsx
/customs-clearance-shipping-suvarnabhumi,https://pacred.co/customs-clearance-shipping-suvarnabhumi,page,public,no,yes,app/[locale]/(public)/customs-clearance-shipping-suvarnabhumi/page.tsx
/customs-clearance-shipping-suvarnabhumi/[port],https://pacred.co/customs-clearance-shipping-suvarnabhumi/[port],page,public,yes,yes,app/[locale]/(public)/customs-clearance-shipping-suvarnabhumi/[port]/page.tsx
/delivery-areas,https://pacred.co/delivery-areas,page,public,no,yes,app/[locale]/(public)/delivery-areas/page.tsx
/faq,https://pacred.co/faq,page,public,no,yes,app/[locale]/(public)/faq/page.tsx
/freight-quote,https://pacred.co/freight-quote,page,public,no,yes,app/[locale]/(public)/freight-quote/page.tsx
/holidays,https://pacred.co/holidays,page,public,no,yes,app/[locale]/(public)/holidays/page.tsx
/how-to-use,https://pacred.co/how-to-use,page,public,no,yes,app/[locale]/(public)/how-to-use/page.tsx
/join-us,https://pacred.co/join-us,page,public,no,yes,app/[locale]/(public)/join-us/page.tsx
/knowledge,https://pacred.co/knowledge,page,public,no,yes,app/[locale]/(public)/knowledge/page.tsx
/knowledge/[slug],https://pacred.co/knowledge/[slug],page,public,yes,yes,app/[locale]/(public)/knowledge/[slug]/page.tsx
/line,https://pacred.co/line,page,public,no,yes,app/[locale]/(public)/line/page.tsx
/news,https://pacred.co/news,page,public,no,yes,app/[locale]/(public)/news/page.tsx
/news/[slug],https://pacred.co/news/[slug],page,public,yes,yes,app/[locale]/(public)/news/[slug]/page.tsx
/our-work,https://pacred.co/our-work,page,public,no,yes,app/[locale]/(public)/our-work/page.tsx
/our-work/[id],https://pacred.co/our-work/[id],page,public,yes,yes,app/[locale]/(public)/our-work/[id]/page.tsx
/payment/1688,https://pacred.co/payment/1688,page,public,no,yes,app/[locale]/(public)/payment/1688/page.tsx
/payment/alipay,https://pacred.co/payment/alipay,page,public,no,yes,app/[locale]/(public)/payment/alipay/page.tsx
/payment/taobao,https://pacred.co/payment/taobao,page,public,no,yes,app/[locale]/(public)/payment/taobao/page.tsx
/privacy,https://pacred.co/privacy,page,public,no,yes,app/[locale]/(public)/privacy/page.tsx
/r/[token],https://pacred.co/r/[token],page,public,yes,yes,app/[locale]/(public)/r/[token]/page.tsx
/services,https://pacred.co/services,page,public,no,yes,app/[locale]/(public)/services/page.tsx
/services/china-shopping,https://pacred.co/services/china-shopping,page,public,no,yes,app/[locale]/(public)/services/china-shopping/page.tsx
/services/customs-clearance,https://pacred.co/services/customs-clearance,page,public,no,yes,app/[locale]/(public)/services/customs-clearance/page.tsx
/services/export-worldwide,https://pacred.co/services/export-worldwide,page,public,no,yes,app/[locale]/(public)/services/export-worldwide/page.tsx
/services/import-china,https://pacred.co/services/import-china,page,public,no,yes,app/[locale]/(public)/services/import-china/page.tsx
/services/import-china-fcl,https://pacred.co/services/import-china-fcl,page,public,no,yes,app/[locale]/(public)/services/import-china-fcl/page.tsx
/services/import-china-lcl,https://pacred.co/services/import-china-lcl,page,public,no,yes,app/[locale]/(public)/services/import-china-lcl/page.tsx
/services/yuan-transfer,https://pacred.co/services/yuan-transfer,page,public,no,yes,app/[locale]/(public)/services/yuan-transfer/page.tsx
/start-order,https://pacred.co/start-order,page,public,no,yes,app/[locale]/(public)/start-order/page.tsx
/status,https://pacred.co/status,page,public,no,yes,app/[locale]/(public)/status/page.tsx
/terms,https://pacred.co/terms,page,public,no,yes,app/[locale]/(public)/terms/page.tsx
/track,https://pacred.co/track,page,public,no,yes,app/[locale]/(public)/track/page.tsx
/track/[code],https://pacred.co/track/[code],page,public,yes,yes,app/[locale]/(public)/track/[code]/page.tsx
/warehouses/china,https://pacred.co/warehouses/china,page,public,no,yes,app/[locale]/(public)/warehouses/china/page.tsx
/warehouses/guangzhou,https://pacred.co/warehouses/guangzhou,page,public,no,yes,app/[locale]/(public)/warehouses/guangzhou/page.tsx
/warehouses/thailand,https://pacred.co/warehouses/thailand,page,public,no,yes,app/[locale]/(public)/warehouses/thailand/page.tsx
/warehouses/yiwu,https://pacred.co/warehouses/yiwu,page,public,no,yes,app/[locale]/(public)/warehouses/yiwu/page.tsx
/complete-profile,https://pacred.co/complete-profile,page,top-level,no,yes,app/[locale]/complete-profile/page.tsx
/liff/link,https://pacred.co/liff/link,page,top-level,no,yes,app/[locale]/liff/link/page.tsx
/reset-password,https://pacred.co/reset-password,page,top-level,no,yes,app/[locale]/reset-password/page.tsx
/forgot-password,https://pacred.co/forgot-password,page,auth,no,yes,app/[locale]/(auth)/forgot-password/page.tsx
/login,https://pacred.co/login,page,auth,no,yes,app/[locale]/(auth)/login/page.tsx
/register,https://pacred.co/register,page,auth,no,yes,app/[locale]/(auth)/register/page.tsx
/account-settings,https://pacred.co/account-settings,page,protected,no,yes,app/[locale]/(protected)/account-settings/page.tsx
/addresses,https://pacred.co/addresses,page,protected,no,yes,app/[locale]/(protected)/addresses/page.tsx
/addresses/add,https://pacred.co/addresses/add,page,protected,no,yes,app/[locale]/(protected)/addresses/add/page.tsx
/billing-run,https://pacred.co/billing-run,page,protected,no,yes,app/[locale]/(protected)/billing-run/page.tsx
/billing-run/[id],https://pacred.co/billing-run/[id],page,protected,yes,yes,app/[locale]/(protected)/billing-run/[id]/page.tsx
/bookings,https://pacred.co/bookings,page,protected,no,yes,app/[locale]/(protected)/bookings/page.tsx
/bookings/[bookingNo],https://pacred.co/bookings/[bookingNo],page,protected,yes,yes,app/[locale]/(protected)/bookings/[bookingNo]/page.tsx
/cart,https://pacred.co/cart,page,protected,no,yes,app/[locale]/(protected)/cart/page.tsx
/cart/add,https://pacred.co/cart/add,page,protected,no,yes,app/[locale]/(protected)/cart/add/page.tsx
/china-address,https://pacred.co/china-address,page,protected,no,yes,app/[locale]/(protected)/china-address/page.tsx
/coming-soon,https://pacred.co/coming-soon,page,protected,no,yes,app/[locale]/(protected)/coming-soon/page.tsx
/commissions,https://pacred.co/commissions,page,protected,no,yes,app/[locale]/(protected)/commissions/page.tsx
/commissions/me,https://pacred.co/commissions/me,page,protected,no,yes,app/[locale]/(protected)/commissions/me/page.tsx
/commissions/me/[id],https://pacred.co/commissions/me/[id],page,protected,yes,yes,app/[locale]/(protected)/commissions/me/[id]/page.tsx
/dashboard,https://pacred.co/dashboard,page,protected,no,yes,app/[locale]/(protected)/dashboard/page.tsx
/freight,https://pacred.co/freight,page,protected,no,yes,app/[locale]/(protected)/freight/page.tsx
/freight/invoice/[id],https://pacred.co/freight/invoice/[id],page,protected,yes,yes,app/[locale]/(protected)/freight/invoice/[id]/page.tsx
/freight/quotes/[quote_no],https://pacred.co/freight/quotes/[quote_no],page,protected,yes,yes,app/[locale]/(protected)/freight/quotes/[quote_no]/page.tsx
/freight/receipts/history,https://pacred.co/freight/receipts/history,page,protected,no,yes,app/[locale]/(protected)/freight/receipts/history/page.tsx
/freight/receipts/print/[id],https://pacred.co/freight/receipts/print/[id],page,protected,yes,yes,app/[locale]/(protected)/freight/receipts/print/[id]/page.tsx
/freight/shipments,https://pacred.co/freight/shipments,page,protected,no,yes,app/[locale]/(protected)/freight/shipments/page.tsx
/freight/shipments/[id],https://pacred.co/freight/shipments/[id],page,protected,yes,yes,app/[locale]/(protected)/freight/shipments/[id]/page.tsx
/invoiceF,https://pacred.co/invoiceF,page,protected,no,yes,app/[locale]/(protected)/invoiceF/page.tsx
/line-settings,https://pacred.co/line-settings,page,protected,no,yes,app/[locale]/(protected)/line-settings/page.tsx
/map,https://pacred.co/map,page,protected,no,yes,app/[locale]/(protected)/map/page.tsx
/m/dashboard,https://pacred.co/m/dashboard,page,protected,no,yes,app/[locale]/(protected)/m/dashboard/page.tsx
/my-issues,https://pacred.co/my-issues,page,protected,no,yes,app/[locale]/(protected)/my-issues/page.tsx
/notifications,https://pacred.co/notifications,page,protected,no,yes,app/[locale]/(protected)/notifications/page.tsx
/pay,https://pacred.co/pay,page,protected,no,yes,app/[locale]/(protected)/pay/page.tsx
/payment-due,https://pacred.co/payment-due,page,protected,no,yes,app/[locale]/(protected)/payment-due/page.tsx
/profile,https://pacred.co/profile,page,protected,no,yes,app/[locale]/(protected)/profile/page.tsx
/profile/security/change-phone,https://pacred.co/profile/security/change-phone,page,protected,no,yes,app/[locale]/(protected)/profile/security/change-phone/page.tsx
/refunds,https://pacred.co/refunds,page,protected,no,yes,app/[locale]/(protected)/refunds/page.tsx
/sales,https://pacred.co/sales,page,protected,no,yes,app/[locale]/(protected)/sales/page.tsx
/sales/history,https://pacred.co/sales/history,page,protected,no,yes,app/[locale]/(protected)/sales/history/page.tsx
/sales/history/[id],https://pacred.co/sales/history/[id],page,protected,yes,yes,app/[locale]/(protected)/sales/history/[id]/page.tsx
/sales/report,https://pacred.co/sales/report,page,protected,no,yes,app/[locale]/(protected)/sales/report/page.tsx
/sales/report/add,https://pacred.co/sales/report/add,page,protected,no,yes,app/[locale]/(protected)/sales/report/add/page.tsx
/search,https://pacred.co/search,page,protected,no,yes,app/[locale]/(protected)/search/page.tsx
/service-import,https://pacred.co/service-import,page,protected,no,yes,app/[locale]/(protected)/service-import/page.tsx
/service-import/add,https://pacred.co/service-import/add,page,protected,no,yes,app/[locale]/(protected)/service-import/add/page.tsx
/service-import/air,https://pacred.co/service-import/air,page,protected,no,yes,app/[locale]/(protected)/service-import/air/page.tsx
/service-import/estimate,https://pacred.co/service-import/estimate,page,protected,no,yes,app/[locale]/(protected)/service-import/estimate/page.tsx
/service-import/[fNo],https://pacred.co/service-import/[fNo],page,protected,yes,yes,app/[locale]/(protected)/service-import/[fNo]/page.tsx
/service-import/[fNo]/invoice,https://pacred.co/service-import/[fNo]/invoice,page,protected,yes,yes,app/[locale]/(protected)/service-import/[fNo]/invoice/page.tsx
/service-import/[fNo]/receipt,https://pacred.co/service-import/[fNo]/receipt,page,protected,yes,yes,app/[locale]/(protected)/service-import/[fNo]/receipt/page.tsx
/service-import/pending,https://pacred.co/service-import/pending,page,protected,no,yes,app/[locale]/(protected)/service-import/pending/page.tsx
/service-import/receipts,https://pacred.co/service-import/receipts,page,protected,no,yes,app/[locale]/(protected)/service-import/receipts/page.tsx
/service-import/receipts/print,https://pacred.co/service-import/receipts/print,page,protected,no,yes,app/[locale]/(protected)/service-import/receipts/print/page.tsx
/service-import/sea,https://pacred.co/service-import/sea,page,protected,no,yes,app/[locale]/(protected)/service-import/sea/page.tsx
/service-import/table,https://pacred.co/service-import/table,page,protected,no,yes,app/[locale]/(protected)/service-import/table/page.tsx
/service-import/truck,https://pacred.co/service-import/truck,page,protected,no,yes,app/[locale]/(protected)/service-import/truck/page.tsx
/service-import/warehouse-addresses,https://pacred.co/service-import/warehouse-addresses,page,protected,no,yes,app/[locale]/(protected)/service-import/warehouse-addresses/page.tsx
/service-order,https://pacred.co/service-order,page,protected,no,yes,app/[locale]/(protected)/service-order/page.tsx
/service-order/add,https://pacred.co/service-order/add,page,protected,no,yes,app/[locale]/(protected)/service-order/add/page.tsx
/service-order/cart,https://pacred.co/service-order/cart,page,protected,no,yes,app/[locale]/(protected)/service-order/cart/page.tsx
/service-order/[hNo],https://pacred.co/service-order/[hNo],page,protected,yes,yes,app/[locale]/(protected)/service-order/[hNo]/page.tsx
/service-order/[hNo]/receipt,https://pacred.co/service-order/[hNo]/receipt,page,protected,yes,yes,app/[locale]/(protected)/service-order/[hNo]/receipt/page.tsx
/service-order/pending,https://pacred.co/service-order/pending,page,protected,no,yes,app/[locale]/(protected)/service-order/pending/page.tsx
/service-order/print,https://pacred.co/service-order/print,page,protected,no,yes,app/[locale]/(protected)/service-order/print/page.tsx
/service-payment,https://pacred.co/service-payment,page,protected,no,yes,app/[locale]/(protected)/service-payment/page.tsx
/service-payment/add,https://pacred.co/service-payment/add,page,protected,no,yes,app/[locale]/(protected)/service-payment/add/page.tsx
/service-payment/[id],https://pacred.co/service-payment/[id],page,protected,yes,yes,app/[locale]/(protected)/service-payment/[id]/page.tsx
/shipments,https://pacred.co/shipments,page,protected,no,yes,app/[locale]/(protected)/shipments/page.tsx
/shipments/[code],https://pacred.co/shipments/[code],page,protected,yes,yes,app/[locale]/(protected)/shipments/[code]/page.tsx
/wallet,https://pacred.co/wallet,page,protected,no,yes,app/[locale]/(protected)/wallet/page.tsx
/wallet-credit,https://pacred.co/wallet-credit,page,protected,no,yes,app/[locale]/(protected)/wallet-credit/page.tsx
/wallet/deposit,https://pacred.co/wallet/deposit,page,protected,no,yes,app/[locale]/(protected)/wallet/deposit/page.tsx
/wallet/history,https://pacred.co/wallet/history,page,protected,no,yes,app/[locale]/(protected)/wallet/history/page.tsx
/wallet-shop,https://pacred.co/wallet-shop,page,protected,no,yes,app/[locale]/(protected)/wallet-shop/page.tsx
/wallet/withdraw,https://pacred.co/wallet/withdraw,page,protected,no,yes,app/[locale]/(protected)/wallet/withdraw/page.tsx
/admin,https://pacred.co/admin,page,admin,no,yes,app/[locale]/(admin)/admin/page.tsx
/admin/accounting,https://pacred.co/admin/accounting,page,admin,no,yes,app/[locale]/(admin)/admin/accounting/page.tsx
/admin/accounting/ar-aging,https://pacred.co/admin/accounting/ar-aging,page,admin,no,yes,app/[locale]/(admin)/admin/accounting/ar-aging/page.tsx
/admin/accounting/cargo,https://pacred.co/admin/accounting/cargo,page,admin,no,yes,app/[locale]/(admin)/admin/accounting/cargo/page.tsx
/admin/accounting/cargo-declarations,https://pacred.co/admin/accounting/cargo-declarations,page,admin,no,yes,app/[locale]/(admin)/admin/accounting/cargo-declarations/page.tsx
/admin/accounting/cargo-declarations/[id],https://pacred.co/admin/accounting/cargo-declarations/[id],page,admin,yes,yes,app/[locale]/(admin)/admin/accounting/cargo-declarations/[id]/page.tsx
/admin/accounting/cargo/income/[type]/[service]/[[...slug]],https://pacred.co/admin/accounting/cargo/income/[type]/[service]/[[...slug]],page,admin,yes,yes,app/[locale]/(admin)/admin/accounting/cargo/income/[type]/[service]/[[...slug]]/page.tsx
/admin/accounting/closing,https://pacred.co/admin/accounting/closing,page,admin,no,yes,app/[locale]/(admin)/admin/accounting/closing/page.tsx
/admin/accounting/container-costs,https://pacred.co/admin/accounting/container-costs,page,admin,no,yes,app/[locale]/(admin)/admin/accounting/container-costs/page.tsx
/admin/accounting/customs-declarations,https://pacred.co/admin/accounting/customs-declarations,page,admin,no,yes,app/[locale]/(admin)/admin/accounting/customs-declarations/page.tsx
/admin/accounting/customs-declarations/[id],https://pacred.co/admin/accounting/customs-declarations/[id],page,admin,yes,yes,app/[locale]/(admin)/admin/accounting/customs-declarations/[id]/page.tsx
/admin/accounting/customs-doc-kit,https://pacred.co/admin/accounting/customs-doc-kit,page,admin,no,yes,app/[locale]/(admin)/admin/accounting/customs-doc-kit/page.tsx
/admin/accounting/disbursements,https://pacred.co/admin/accounting/disbursements,page,admin,no,yes,app/[locale]/(admin)/admin/accounting/disbursements/page.tsx
/admin/accounting/documents,https://pacred.co/admin/accounting/documents,page,admin,no,yes,app/[locale]/(admin)/admin/accounting/documents/page.tsx
/admin/accounting/etax,https://pacred.co/admin/accounting/etax,page,admin,no,yes,app/[locale]/(admin)/admin/accounting/etax/page.tsx
/admin/accounting/forwarder,https://pacred.co/admin/accounting/forwarder,page,admin,no,yes,app/[locale]/(admin)/admin/accounting/forwarder/page.tsx
/admin/accounting/forwarder-invoice,https://pacred.co/admin/accounting/forwarder-invoice,page,admin,no,yes,app/[locale]/(admin)/admin/accounting/forwarder-invoice/page.tsx
/admin/accounting/forwarder-invoice/add,https://pacred.co/admin/accounting/forwarder-invoice/add,page,admin,no,yes,app/[locale]/(admin)/admin/accounting/forwarder-invoice/add/page.tsx
/admin/accounting/forwarder-invoice/[id],https://pacred.co/admin/accounting/forwarder-invoice/[id],page,admin,yes,yes,app/[locale]/(admin)/admin/accounting/forwarder-invoice/[id]/page.tsx
/admin/accounting/freight,https://pacred.co/admin/accounting/freight,page,admin,no,yes,app/[locale]/(admin)/admin/accounting/freight/page.tsx
/admin/accounting/hs-library,https://pacred.co/admin/accounting/hs-library,page,admin,no,yes,app/[locale]/(admin)/admin/accounting/hs-library/page.tsx
/admin/accounting/hs-triage,https://pacred.co/admin/accounting/hs-triage,page,admin,no,yes,app/[locale]/(admin)/admin/accounting/hs-triage/page.tsx
/admin/accounting/margin-monitor,https://pacred.co/admin/accounting/margin-monitor,page,admin,no,yes,app/[locale]/(admin)/admin/accounting/margin-monitor/page.tsx
/admin/accounting/near-churn,https://pacred.co/admin/accounting/near-churn,page,admin,no,yes,app/[locale]/(admin)/admin/accounting/near-churn/page.tsx
/admin/accounting/payment,https://pacred.co/admin/accounting/payment,page,admin,no,yes,app/[locale]/(admin)/admin/accounting/payment/page.tsx
/admin/accounting/peak-export,https://pacred.co/admin/accounting/peak-export,page,admin,no,yes,app/[locale]/(admin)/admin/accounting/peak-export/page.tsx
/admin/accounting/periods,https://pacred.co/admin/accounting/periods,page,admin,no,yes,app/[locale]/(admin)/admin/accounting/periods/page.tsx
/admin/accounting/periods/[period_yyyymm],https://pacred.co/admin/accounting/periods/[period_yyyymm],page,admin,yes,yes,app/[locale]/(admin)/admin/accounting/periods/[period_yyyymm]/page.tsx
/admin/accounting/quote-compare,https://pacred.co/admin/accounting/quote-compare,page,admin,no,yes,app/[locale]/(admin)/admin/accounting/quote-compare/page.tsx
/admin/accounting/quote-compare/modes,https://pacred.co/admin/accounting/quote-compare/modes,page,admin,no,yes,app/[locale]/(admin)/admin/accounting/quote-compare/modes/page.tsx
/admin/accounting/receipts,https://pacred.co/admin/accounting/receipts,page,admin,no,yes,app/[locale]/(admin)/admin/accounting/receipts/page.tsx
/admin/accounting/reconcile,https://pacred.co/admin/accounting/reconcile,page,admin,no,yes,app/[locale]/(admin)/admin/accounting/reconcile/page.tsx
/admin/accounting/shop,https://pacred.co/admin/accounting/shop,page,admin,no,yes,app/[locale]/(admin)/admin/accounting/shop/page.tsx
/admin/accounting/wht-certs,https://pacred.co/admin/accounting/wht-certs,page,admin,no,yes,app/[locale]/(admin)/admin/accounting/wht-certs/page.tsx
/admin/accounting/withdraw,https://pacred.co/admin/accounting/withdraw,page,admin,no,yes,app/[locale]/(admin)/admin/accounting/withdraw/page.tsx
/admin/accounting/withdraw/comm-interpreter,https://pacred.co/admin/accounting/withdraw/comm-interpreter,page,admin,no,yes,app/[locale]/(admin)/admin/accounting/withdraw/comm-interpreter/page.tsx
/admin/accounting/withdraw/comm-interpreter/[id],https://pacred.co/admin/accounting/withdraw/comm-interpreter/[id],page,admin,yes,yes,app/[locale]/(admin)/admin/accounting/withdraw/comm-interpreter/[id]/page.tsx
/admin/accounting/withdraw/comm-sale,https://pacred.co/admin/accounting/withdraw/comm-sale,page,admin,no,yes,app/[locale]/(admin)/admin/accounting/withdraw/comm-sale/page.tsx
/admin/accounting/withdraw/comm-sale/[id],https://pacred.co/admin/accounting/withdraw/comm-sale/[id],page,admin,yes,yes,app/[locale]/(admin)/admin/accounting/withdraw/comm-sale/[id]/page.tsx
/admin/admins,https://pacred.co/admin/admins,page,admin,no,yes,app/[locale]/(admin)/admin/admins/page.tsx
/admin/admins/[id],https://pacred.co/admin/admins/[id],page,admin,yes,yes,app/[locale]/(admin)/admin/admins/[id]/page.tsx
/admin/admins/[id]/edit,https://pacred.co/admin/admins/[id]/edit,page,admin,yes,yes,app/[locale]/(admin)/admin/admins/[id]/edit/page.tsx
/admin/admins/new,https://pacred.co/admin/admins/new,page,admin,no,yes,app/[locale]/(admin)/admin/admins/new/page.tsx
/admin/api-forwarder-cn,https://pacred.co/admin/api-forwarder-cn,page,admin,no,yes,app/[locale]/(admin)/admin/api-forwarder-cn/page.tsx
/admin/api-forwarder-cn/manual,https://pacred.co/admin/api-forwarder-cn/manual,page,admin,no,yes,app/[locale]/(admin)/admin/api-forwarder-cn/manual/page.tsx
/admin/api-forwarder-momo,https://pacred.co/admin/api-forwarder-momo,page,admin,no,yes,app/[locale]/(admin)/admin/api-forwarder-momo/page.tsx
/admin/api-forwarder-momo/history,https://pacred.co/admin/api-forwarder-momo/history,page,admin,no,yes,app/[locale]/(admin)/admin/api-forwarder-momo/history/page.tsx
/admin/api-forwarder-momo/manual,https://pacred.co/admin/api-forwarder-momo/manual,page,admin,no,yes,app/[locale]/(admin)/admin/api-forwarder-momo/manual/page.tsx
/admin/api-forwarder-momo/review,https://pacred.co/admin/api-forwarder-momo/review,page,admin,no,yes,app/[locale]/(admin)/admin/api-forwarder-momo/review/page.tsx
/admin/api-forwarder-momo/sync,https://pacred.co/admin/api-forwarder-momo/sync,page,admin,no,yes,app/[locale]/(admin)/admin/api-forwarder-momo/sync/page.tsx
/admin/api-sheets-ctt,https://pacred.co/admin/api-sheets-ctt,page,admin,no,yes,app/[locale]/(admin)/admin/api-sheets-ctt/page.tsx
/admin/api-sheets-mk,https://pacred.co/admin/api-sheets-mk,page,admin,no,yes,app/[locale]/(admin)/admin/api-sheets-mk/page.tsx
/admin/api-sheets-mx,https://pacred.co/admin/api-sheets-mx,page,admin,no,yes,app/[locale]/(admin)/admin/api-sheets-mx/page.tsx
/admin/api-sheets-sang,https://pacred.co/admin/api-sheets-sang,page,admin,no,yes,app/[locale]/(admin)/admin/api-sheets-sang/page.tsx
/admin/audit,https://pacred.co/admin/audit,page,admin,no,yes,app/[locale]/(admin)/admin/audit/page.tsx
/admin/barcode,https://pacred.co/admin/barcode,page,admin,no,yes,app/[locale]/(admin)/admin/barcode/page.tsx
/admin/barcode/cargo/all,https://pacred.co/admin/barcode/cargo/all,page,admin,no,yes,app/[locale]/(admin)/admin/barcode/cargo/all/page.tsx
/admin/barcode/cargo/from,https://pacred.co/admin/barcode/cargo/from,page,admin,no,yes,app/[locale]/(admin)/admin/barcode/cargo/from/page.tsx
/admin/barcode/cargo/import,https://pacred.co/admin/barcode/cargo/import,page,admin,no,yes,app/[locale]/(admin)/admin/barcode/cargo/import/page.tsx
/admin/barcode/cargo/prepare,https://pacred.co/admin/barcode/cargo/prepare,page,admin,no,yes,app/[locale]/(admin)/admin/barcode/cargo/prepare/page.tsx
/admin/barcode/driver,https://pacred.co/admin/barcode/driver,page,admin,no,yes,app/[locale]/(admin)/admin/barcode/driver/page.tsx
/admin/barcode/driver/all,https://pacred.co/admin/barcode/driver/all,page,admin,no,yes,app/[locale]/(admin)/admin/barcode/driver/all/page.tsx
/admin/barcode/driver/from,https://pacred.co/admin/barcode/driver/from,page,admin,no,yes,app/[locale]/(admin)/admin/barcode/driver/from/page.tsx
/admin/barcode/driver/import,https://pacred.co/admin/barcode/driver/import,page,admin,no,yes,app/[locale]/(admin)/admin/barcode/driver/import/page.tsx
/admin/barcode/driver/prepare,https://pacred.co/admin/barcode/driver/prepare,page,admin,no,yes,app/[locale]/(admin)/admin/barcode/driver/prepare/page.tsx
/admin/barcode/gateway,https://pacred.co/admin/barcode/gateway,page,admin,no,yes,app/[locale]/(admin)/admin/barcode/gateway/page.tsx
/admin/billing-run,https://pacred.co/admin/billing-run,page,admin,no,yes,app/[locale]/(admin)/admin/billing-run/page.tsx
/admin/billing-run/add,https://pacred.co/admin/billing-run/add,page,admin,no,yes,app/[locale]/(admin)/admin/billing-run/add/page.tsx
/admin/billing-run/[id],https://pacred.co/admin/billing-run/[id],page,admin,yes,yes,app/[locale]/(admin)/admin/billing-run/[id]/page.tsx
/admin/billing-run/[id]/print,https://pacred.co/admin/billing-run/[id]/print,page,admin,yes,yes,app/[locale]/(admin)/admin/billing-run/[id]/print/page.tsx
/admin/board,https://pacred.co/admin/board,page,admin,no,yes,app/[locale]/(admin)/admin/board/page.tsx
/admin/board/inbox,https://pacred.co/admin/board/inbox,page,admin,no,yes,app/[locale]/(admin)/admin/board/inbox/page.tsx
/admin/bookings,https://pacred.co/admin/bookings,page,admin,no,yes,app/[locale]/(admin)/admin/bookings/page.tsx
/admin/bookings/[bookingNo],https://pacred.co/admin/bookings/[bookingNo],page,admin,yes,yes,app/[locale]/(admin)/admin/bookings/[bookingNo]/page.tsx
/admin/broadcasts,https://pacred.co/admin/broadcasts,page,admin,no,yes,app/[locale]/(admin)/admin/broadcasts/page.tsx
/admin/broadcasts/[id],https://pacred.co/admin/broadcasts/[id],page,admin,yes,yes,app/[locale]/(admin)/admin/broadcasts/[id]/page.tsx
/admin/broadcasts/new,https://pacred.co/admin/broadcasts/new,page,admin,no,yes,app/[locale]/(admin)/admin/broadcasts/new/page.tsx
/admin/cargothai,https://pacred.co/admin/cargothai,page,admin,no,yes,app/[locale]/(admin)/admin/cargothai/page.tsx
/admin/carriers,https://pacred.co/admin/carriers,page,admin,no,yes,app/[locale]/(admin)/admin/carriers/page.tsx
/admin/cnt-hs,https://pacred.co/admin/cnt-hs,page,admin,no,yes,app/[locale]/(admin)/admin/cnt-hs/page.tsx
/admin/cnt-hs/[id],https://pacred.co/admin/cnt-hs/[id],page,admin,yes,yes,app/[locale]/(admin)/admin/cnt-hs/[id]/page.tsx
/admin/commission/freight,https://pacred.co/admin/commission/freight,page,admin,no,yes,app/[locale]/(admin)/admin/commission/freight/page.tsx
/admin/commissions,https://pacred.co/admin/commissions,page,admin,no,yes,app/[locale]/(admin)/admin/commissions/page.tsx
/admin/commissions/[id],https://pacred.co/admin/commissions/[id],page,admin,yes,yes,app/[locale]/(admin)/admin/commissions/[id]/page.tsx
/admin/commissions/tiers,https://pacred.co/admin/commissions/tiers,page,admin,no,yes,app/[locale]/(admin)/admin/commissions/tiers/page.tsx
/admin/contact-messages,https://pacred.co/admin/contact-messages,page,admin,no,yes,app/[locale]/(admin)/admin/contact-messages/page.tsx
/admin/containers,https://pacred.co/admin/containers,page,admin,no,yes,app/[locale]/(admin)/admin/containers/page.tsx
/admin/containers/[id],https://pacred.co/admin/containers/[id],page,admin,yes,yes,app/[locale]/(admin)/admin/containers/[id]/page.tsx
/admin/containers/[id]/hs,https://pacred.co/admin/containers/[id]/hs,page,admin,yes,yes,app/[locale]/(admin)/admin/containers/[id]/hs/page.tsx
/admin/crm,https://pacred.co/admin/crm,page,admin,no,yes,app/[locale]/(admin)/admin/crm/page.tsx
/admin/csv-imports,https://pacred.co/admin/csv-imports,page,admin,no,yes,app/[locale]/(admin)/admin/csv-imports/page.tsx
/admin/csv-imports/[id],https://pacred.co/admin/csv-imports/[id],page,admin,yes,yes,app/[locale]/(admin)/admin/csv-imports/[id]/page.tsx
/admin/csv-imports/upload,https://pacred.co/admin/csv-imports/upload,page,admin,no,yes,app/[locale]/(admin)/admin/csv-imports/upload/page.tsx
/admin/customers,https://pacred.co/admin/customers,page,admin,no,yes,app/[locale]/(admin)/admin/customers/page.tsx
/admin/customers/comparison,https://pacred.co/admin/customers/comparison,page,admin,no,yes,app/[locale]/(admin)/admin/customers/comparison/page.tsx
/admin/customers/credit,https://pacred.co/admin/customers/credit,page,admin,no,yes,app/[locale]/(admin)/admin/customers/credit/page.tsx
/admin/customers/[id],https://pacred.co/admin/customers/[id],page,admin,yes,yes,app/[locale]/(admin)/admin/customers/[id]/page.tsx
/admin/customers/[id]/convert-to-juristic,https://pacred.co/admin/customers/[id]/convert-to-juristic,page,admin,yes,yes,app/[locale]/(admin)/admin/customers/[id]/convert-to-juristic/page.tsx
/admin/customers/[id]/transfer-rep,https://pacred.co/admin/customers/[id]/transfer-rep,page,admin,yes,yes,app/[locale]/(admin)/admin/customers/[id]/transfer-rep/page.tsx
/admin/customers/new,https://pacred.co/admin/customers/new,page,admin,no,yes,app/[locale]/(admin)/admin/customers/new/page.tsx
/admin/customers/pending,https://pacred.co/admin/customers/pending,page,admin,no,yes,app/[locale]/(admin)/admin/customers/pending/page.tsx
/admin/customers/recently-active,https://pacred.co/admin/customers/recently-active,page,admin,no,yes,app/[locale]/(admin)/admin/customers/recently-active/page.tsx
/admin/customers/transfer-bulk,https://pacred.co/admin/customers/transfer-bulk,page,admin,no,yes,app/[locale]/(admin)/admin/customers/transfer-bulk/page.tsx
/admin/customers/transfer-rep,https://pacred.co/admin/customers/transfer-rep,page,admin,no,yes,app/[locale]/(admin)/admin/customers/transfer-rep/page.tsx
/admin/dashboard,https://pacred.co/admin/dashboard,page,admin,no,yes,app/[locale]/(admin)/admin/dashboard/page.tsx
/admin/driver-runs,https://pacred.co/admin/driver-runs,page,admin,no,yes,app/[locale]/(admin)/admin/driver-runs/page.tsx
/admin/drivers,https://pacred.co/admin/drivers,page,admin,no,yes,app/[locale]/(admin)/admin/drivers/page.tsx
/admin/drivers/[id],https://pacred.co/admin/drivers/[id],page,admin,yes,yes,app/[locale]/(admin)/admin/drivers/[id]/page.tsx
/admin/drivers/[id]/print,https://pacred.co/admin/drivers/[id]/print,page,admin,yes,yes,app/[locale]/(admin)/admin/drivers/[id]/print/page.tsx
/admin/drivers/new,https://pacred.co/admin/drivers/new,page,admin,no,yes,app/[locale]/(admin)/admin/drivers/new/page.tsx
/admin/drivers/work,https://pacred.co/admin/drivers/work,page,admin,no,yes,app/[locale]/(admin)/admin/drivers/work/page.tsx
/admin/forwarder-action,https://pacred.co/admin/forwarder-action,page,admin,no,yes,app/[locale]/(admin)/admin/forwarder-action/page.tsx
/admin/forwarder-check,https://pacred.co/admin/forwarder-check,page,admin,no,yes,app/[locale]/(admin)/admin/forwarder-check/page.tsx
/admin/forwarder-import-warehouse,https://pacred.co/admin/forwarder-import-warehouse,page,admin,no,yes,app/[locale]/(admin)/admin/forwarder-import-warehouse/page.tsx
/admin/forwarders,https://pacred.co/admin/forwarders,page,admin,no,yes,app/[locale]/(admin)/admin/forwarders/page.tsx
/admin/forwarder-sales,https://pacred.co/admin/forwarder-sales,page,admin,no,yes,app/[locale]/(admin)/admin/forwarder-sales/page.tsx
/admin/forwarders/bulk-search,https://pacred.co/admin/forwarders/bulk-search,page,admin,no,yes,app/[locale]/(admin)/admin/forwarders/bulk-search/page.tsx
/admin/forwarders/combine-bill,https://pacred.co/admin/forwarders/combine-bill,page,admin,no,yes,app/[locale]/(admin)/admin/forwarders/combine-bill/page.tsx
/admin/forwarders/combine-bill/add,https://pacred.co/admin/forwarders/combine-bill/add,page,admin,no,yes,app/[locale]/(admin)/admin/forwarders/combine-bill/add/page.tsx
/admin/forwarders/combine-bill/[id],https://pacred.co/admin/forwarders/combine-bill/[id],page,admin,yes,yes,app/[locale]/(admin)/admin/forwarders/combine-bill/[id]/page.tsx
/admin/forwarders/combine-bill/print,https://pacred.co/admin/forwarders/combine-bill/print,page,admin,no,yes,app/[locale]/(admin)/admin/forwarders/combine-bill/print/page.tsx
/admin/forwarders/container-cost-check,https://pacred.co/admin/forwarders/container-cost-check,page,admin,no,yes,app/[locale]/(admin)/admin/forwarders/container-cost-check/page.tsx
/admin/forwarders/[fNo],https://pacred.co/admin/forwarders/[fNo],page,admin,yes,yes,app/[locale]/(admin)/admin/forwarders/[fNo]/page.tsx
/admin/forwarders/[fNo]/edit,https://pacred.co/admin/forwarders/[fNo]/edit,page,admin,yes,yes,app/[locale]/(admin)/admin/forwarders/[fNo]/edit/page.tsx
/admin/forwarders/new,https://pacred.co/admin/forwarders/new,page,admin,no,yes,app/[locale]/(admin)/admin/forwarders/new/page.tsx
/admin/forwarders/notes,https://pacred.co/admin/forwarders/notes,page,admin,no,yes,app/[locale]/(admin)/admin/forwarders/notes/page.tsx
/admin/forwarders/print,https://pacred.co/admin/forwarders/print,page,admin,no,yes,app/[locale]/(admin)/admin/forwarders/print/page.tsx
/admin/forwarders/tran-th,https://pacred.co/admin/forwarders/tran-th,page,admin,no,yes,app/[locale]/(admin)/admin/forwarders/tran-th/page.tsx
/admin/forwarders/tran-th/[id],https://pacred.co/admin/forwarders/tran-th/[id],page,admin,yes,yes,app/[locale]/(admin)/admin/forwarders/tran-th/[id]/page.tsx
/admin/forwarders/warehouse-history,https://pacred.co/admin/forwarders/warehouse-history,page,admin,no,yes,app/[locale]/(admin)/admin/forwarders/warehouse-history/page.tsx
/admin/freight/declarations,https://pacred.co/admin/freight/declarations,page,admin,no,yes,app/[locale]/(admin)/admin/freight/declarations/page.tsx
/admin/freight/declarations/[id],https://pacred.co/admin/freight/declarations/[id],page,admin,yes,yes,app/[locale]/(admin)/admin/freight/declarations/[id]/page.tsx
/admin/freight/leads,https://pacred.co/admin/freight/leads,page,admin,no,yes,app/[locale]/(admin)/admin/freight/leads/page.tsx
/admin/freight/leads/[ref],https://pacred.co/admin/freight/leads/[ref],page,admin,yes,yes,app/[locale]/(admin)/admin/freight/leads/[ref]/page.tsx
/admin/freight/operations,https://pacred.co/admin/freight/operations,page,admin,no,yes,app/[locale]/(admin)/admin/freight/operations/page.tsx
/admin/freight/operations/[id],https://pacred.co/admin/freight/operations/[id],page,admin,yes,yes,app/[locale]/(admin)/admin/freight/operations/[id]/page.tsx
/admin/freight/quotes,https://pacred.co/admin/freight/quotes,page,admin,no,yes,app/[locale]/(admin)/admin/freight/quotes/page.tsx
/admin/freight/quotes/[id],https://pacred.co/admin/freight/quotes/[id],page,admin,yes,yes,app/[locale]/(admin)/admin/freight/quotes/[id]/page.tsx
/admin/freight/quotes/new,https://pacred.co/admin/freight/quotes/new,page,admin,no,yes,app/[locale]/(admin)/admin/freight/quotes/new/page.tsx
/admin/freight/rates,https://pacred.co/admin/freight/rates,page,admin,no,yes,app/[locale]/(admin)/admin/freight/rates/page.tsx
/admin/freight/shipments,https://pacred.co/admin/freight/shipments,page,admin,no,yes,app/[locale]/(admin)/admin/freight/shipments/page.tsx
/admin/freight/shipments/[id],https://pacred.co/admin/freight/shipments/[id],page,admin,yes,yes,app/[locale]/(admin)/admin/freight/shipments/[id]/page.tsx
/admin/freight/shipments/[id]/p-and-l,https://pacred.co/admin/freight/shipments/[id]/p-and-l,page,admin,yes,yes,app/[locale]/(admin)/admin/freight/shipments/[id]/p-and-l/page.tsx
/admin/freight/shipments/new,https://pacred.co/admin/freight/shipments/new,page,admin,no,yes,app/[locale]/(admin)/admin/freight/shipments/new/page.tsx
/admin/hr,https://pacred.co/admin/hr,page,admin,no,yes,app/[locale]/(admin)/admin/hr/page.tsx
/admin/hr/assets,https://pacred.co/admin/hr/assets,page,admin,no,yes,app/[locale]/(admin)/admin/hr/assets/page.tsx
/admin/hr/attendance,https://pacred.co/admin/hr/attendance,page,admin,no,yes,app/[locale]/(admin)/admin/hr/attendance/page.tsx
/admin/hr/attendance/leaves,https://pacred.co/admin/hr/attendance/leaves,page,admin,no,yes,app/[locale]/(admin)/admin/hr/attendance/leaves/page.tsx
/admin/hr/audit,https://pacred.co/admin/hr/audit,page,admin,no,yes,app/[locale]/(admin)/admin/hr/audit/page.tsx
/admin/hr/humanresource,https://pacred.co/admin/hr/humanresource,page,admin,no,yes,app/[locale]/(admin)/admin/hr/humanresource/page.tsx
/admin/hr/org-chart,https://pacred.co/admin/hr/org-chart,page,admin,no,yes,app/[locale]/(admin)/admin/hr/org-chart/page.tsx
/admin/hr/org-table,https://pacred.co/admin/hr/org-table,page,admin,no,yes,app/[locale]/(admin)/admin/hr/org-table/page.tsx
/admin/hr/policies,https://pacred.co/admin/hr/policies,page,admin,no,yes,app/[locale]/(admin)/admin/hr/policies/page.tsx
/admin/hr/recruitment,https://pacred.co/admin/hr/recruitment,page,admin,no,yes,app/[locale]/(admin)/admin/hr/recruitment/page.tsx
/admin/hr/recruitment/[id],https://pacred.co/admin/hr/recruitment/[id],page,admin,yes,yes,app/[locale]/(admin)/admin/hr/recruitment/[id]/page.tsx
/admin/hr/recruitment/new,https://pacred.co/admin/hr/recruitment/new,page,admin,no,yes,app/[locale]/(admin)/admin/hr/recruitment/new/page.tsx
/admin/hr/training,https://pacred.co/admin/hr/training,page,admin,no,yes,app/[locale]/(admin)/admin/hr/training/page.tsx
/admin/incidents,https://pacred.co/admin/incidents,page,admin,no,yes,app/[locale]/(admin)/admin/incidents/page.tsx
/admin/inventory,https://pacred.co/admin/inventory,page,admin,no,yes,app/[locale]/(admin)/admin/inventory/page.tsx
/admin/juristic-check,https://pacred.co/admin/juristic-check,page,admin,no,yes,app/[locale]/(admin)/admin/juristic-check/page.tsx
/admin/kpi,https://pacred.co/admin/kpi,page,admin,no,yes,app/[locale]/(admin)/admin/kpi/page.tsx
/admin/leads,https://pacred.co/admin/leads,page,admin,no,yes,app/[locale]/(admin)/admin/leads/page.tsx
/admin/learning,https://pacred.co/admin/learning,page,admin,no,yes,app/[locale]/(admin)/admin/learning/page.tsx
/admin/line-inbox,https://pacred.co/admin/line-inbox,page,admin,no,yes,app/[locale]/(admin)/admin/line-inbox/page.tsx
/admin/migration/pcs-customers,https://pacred.co/admin/migration/pcs-customers,page,admin,no,yes,app/[locale]/(admin)/admin/migration/pcs-customers/page.tsx
/admin/momo-lcl,https://pacred.co/admin/momo-lcl,page,admin,no,yes,app/[locale]/(admin)/admin/momo-lcl/page.tsx
/admin/notifications/dispatch,https://pacred.co/admin/notifications/dispatch,page,admin,no,yes,app/[locale]/(admin)/admin/notifications/dispatch/page.tsx
/admin/organization-channels,https://pacred.co/admin/organization-channels,page,admin,no,yes,app/[locale]/(admin)/admin/organization-channels/page.tsx
/admin/organization-email,https://pacred.co/admin/organization-email,page,admin,no,yes,app/[locale]/(admin)/admin/organization-email/page.tsx
/admin/partners,https://pacred.co/admin/partners,page,admin,no,yes,app/[locale]/(admin)/admin/partners/page.tsx
/admin/payment-reconciliation,https://pacred.co/admin/payment-reconciliation,page,admin,no,yes,app/[locale]/(admin)/admin/payment-reconciliation/page.tsx
/admin/pricing/taxdoc-workspace,https://pacred.co/admin/pricing/taxdoc-workspace,page,admin,no,yes,app/[locale]/(admin)/admin/pricing/taxdoc-workspace/page.tsx
/admin/pricing/taxdoc-workspace/[id],https://pacred.co/admin/pricing/taxdoc-workspace/[id],page,admin,yes,yes,app/[locale]/(admin)/admin/pricing/taxdoc-workspace/[id]/page.tsx
/admin/printAll,https://pacred.co/admin/printAll,page,admin,no,yes,app/[locale]/(admin)/admin/printAll/page.tsx
/admin/qa,https://pacred.co/admin/qa,page,admin,no,yes,app/[locale]/(admin)/admin/qa/page.tsx
/admin/qa/chn-shop-over-2d,https://pacred.co/admin/qa/chn-shop-over-2d,page,admin,no,yes,app/[locale]/(admin)/admin/qa/chn-shop-over-2d/page.tsx
/admin/qa/chn-wh-over-2d,https://pacred.co/admin/qa/chn-wh-over-2d,page,admin,no,yes,app/[locale]/(admin)/admin/qa/chn-wh-over-2d/page.tsx
/admin/qa/credit-overdue,https://pacred.co/admin/qa/credit-overdue,page,admin,no,yes,app/[locale]/(admin)/admin/qa/credit-overdue/page.tsx
/admin/qa/new-client-no-contact,https://pacred.co/admin/qa/new-client-no-contact,page,admin,no,yes,app/[locale]/(admin)/admin/qa/new-client-no-contact/page.tsx
/admin/qa/order-cancellations,https://pacred.co/admin/qa/order-cancellations,page,admin,no,yes,app/[locale]/(admin)/admin/qa/order-cancellations/page.tsx
/admin/qa/order-over-10min,https://pacred.co/admin/qa/order-over-10min,page,admin,no,yes,app/[locale]/(admin)/admin/qa/order-over-10min/page.tsx
/admin/qa/ownerless-goods,https://pacred.co/admin/qa/ownerless-goods,page,admin,no,yes,app/[locale]/(admin)/admin/qa/ownerless-goods/page.tsx
/admin/qa/pay-fwd-over-2d,https://pacred.co/admin/qa/pay-fwd-over-2d,page,admin,no,yes,app/[locale]/(admin)/admin/qa/pay-fwd-over-2d/page.tsx
/admin/qa/pay-shop-over-1d,https://pacred.co/admin/qa/pay-shop-over-1d,page,admin,no,yes,app/[locale]/(admin)/admin/qa/pay-shop-over-1d/page.tsx
/admin/qa/prepare-overdue,https://pacred.co/admin/qa/prepare-overdue,page,admin,no,yes,app/[locale]/(admin)/admin/qa/prepare-overdue/page.tsx
/admin/qa/transit-overdue,https://pacred.co/admin/qa/transit-overdue,page,admin,no,yes,app/[locale]/(admin)/admin/qa/transit-overdue/page.tsx
/admin/rates,https://pacred.co/admin/rates,page,admin,no,yes,app/[locale]/(admin)/admin/rates/page.tsx
/admin/rates/custom-hs,https://pacred.co/admin/rates/custom-hs,page,admin,no,yes,app/[locale]/(admin)/admin/rates/custom-hs/page.tsx
/admin/rates/custom-user,https://pacred.co/admin/rates/custom-user,page,admin,no,yes,app/[locale]/(admin)/admin/rates/custom-user/page.tsx
/admin/rates/general,https://pacred.co/admin/rates/general,page,admin,no,yes,app/[locale]/(admin)/admin/rates/general/page.tsx
/admin/rates/vip,https://pacred.co/admin/rates/vip,page,admin,no,yes,app/[locale]/(admin)/admin/rates/vip/page.tsx
/admin/refunds,https://pacred.co/admin/refunds,page,admin,no,yes,app/[locale]/(admin)/admin/refunds/page.tsx
/admin/refunds/[id],https://pacred.co/admin/refunds/[id],page,admin,yes,yes,app/[locale]/(admin)/admin/refunds/[id]/page.tsx
/admin/refunds/new,https://pacred.co/admin/refunds/new,page,admin,no,yes,app/[locale]/(admin)/admin/refunds/new/page.tsx
/admin/report-cnt,https://pacred.co/admin/report-cnt,page,admin,no,yes,app/[locale]/(admin)/admin/report-cnt/page.tsx
/admin/report-cnt/[fNo],https://pacred.co/admin/report-cnt/[fNo],page,admin,yes,yes,app/[locale]/(admin)/admin/report-cnt/[fNo]/page.tsx
/admin/report-cnt/pay,https://pacred.co/admin/report-cnt/pay,page,admin,no,yes,app/[locale]/(admin)/admin/report-cnt/pay/page.tsx
/admin/reports,https://pacred.co/admin/reports,page,admin,no,yes,app/[locale]/(admin)/admin/reports/page.tsx
/admin/reports/agent-payouts,https://pacred.co/admin/reports/agent-payouts,page,admin,no,yes,app/[locale]/(admin)/admin/reports/agent-payouts/page.tsx
/admin/reports/ar-aging,https://pacred.co/admin/reports/ar-aging,page,admin,no,yes,app/[locale]/(admin)/admin/reports/ar-aging/page.tsx
/admin/reports/cockpit,https://pacred.co/admin/reports/cockpit,page,admin,no,yes,app/[locale]/(admin)/admin/reports/cockpit/page.tsx
/admin/reports/containers-awaiting-th,https://pacred.co/admin/reports/containers-awaiting-th,page,admin,no,yes,app/[locale]/(admin)/admin/reports/containers-awaiting-th/page.tsx
/admin/reports/containers-hs,https://pacred.co/admin/reports/containers-hs,page,admin,no,yes,app/[locale]/(admin)/admin/reports/containers-hs/page.tsx
/admin/reports/credit-pending,https://pacred.co/admin/reports/credit-pending,page,admin,no,yes,app/[locale]/(admin)/admin/reports/credit-pending/page.tsx
/admin/reports/debtors,https://pacred.co/admin/reports/debtors,page,admin,no,yes,app/[locale]/(admin)/admin/reports/debtors/page.tsx
/admin/reports/delivery-feedback,https://pacred.co/admin/reports/delivery-feedback,page,admin,no,yes,app/[locale]/(admin)/admin/reports/delivery-feedback/page.tsx
/admin/reports/forwarder,https://pacred.co/admin/reports/forwarder,page,admin,no,yes,app/[locale]/(admin)/admin/reports/forwarder/page.tsx
/admin/reports/forwarder-profit,https://pacred.co/admin/reports/forwarder-profit,page,admin,no,yes,app/[locale]/(admin)/admin/reports/forwarder-profit/page.tsx
/admin/reports/forwarder-volume,https://pacred.co/admin/reports/forwarder-volume,page,admin,no,yes,app/[locale]/(admin)/admin/reports/forwarder-volume/page.tsx
/admin/reports/hs-code-revenue,https://pacred.co/admin/reports/hs-code-revenue,page,admin,no,yes,app/[locale]/(admin)/admin/reports/hs-code-revenue/page.tsx
/admin/reports/lead-source,https://pacred.co/admin/reports/lead-source,page,admin,no,yes,app/[locale]/(admin)/admin/reports/lead-source/page.tsx
/admin/reports/monthly-orders,https://pacred.co/admin/reports/monthly-orders,page,admin,no,yes,app/[locale]/(admin)/admin/reports/monthly-orders/page.tsx
/admin/reports/otp-success,https://pacred.co/admin/reports/otp-success,page,admin,no,yes,app/[locale]/(admin)/admin/reports/otp-success/page.tsx
/admin/reports/payment,https://pacred.co/admin/reports/payment,page,admin,no,yes,app/[locale]/(admin)/admin/reports/payment/page.tsx
/admin/reports/pending-payments,https://pacred.co/admin/reports/pending-payments,page,admin,no,yes,app/[locale]/(admin)/admin/reports/pending-payments/page.tsx
/admin/reports/profit-analytics,https://pacred.co/admin/reports/profit-analytics,page,admin,no,yes,app/[locale]/(admin)/admin/reports/profit-analytics/page.tsx
/admin/reports/refunds,https://pacred.co/admin/reports/refunds,page,admin,no,yes,app/[locale]/(admin)/admin/reports/refunds/page.tsx
/admin/reports/sales-by-rep,https://pacred.co/admin/reports/sales-by-rep,page,admin,no,yes,app/[locale]/(admin)/admin/reports/sales-by-rep/page.tsx
/admin/reports/sales-monthly,https://pacred.co/admin/reports/sales-monthly,page,admin,no,yes,app/[locale]/(admin)/admin/reports/sales-monthly/page.tsx
/admin/reports/search-demand,https://pacred.co/admin/reports/search-demand,page,admin,no,yes,app/[locale]/(admin)/admin/reports/search-demand/page.tsx
/admin/reports/shop,https://pacred.co/admin/reports/shop,page,admin,no,yes,app/[locale]/(admin)/admin/reports/shop/page.tsx
/admin/reports/shops-profit,https://pacred.co/admin/reports/shops-profit,page,admin,no,yes,app/[locale]/(admin)/admin/reports/shops-profit/page.tsx
/admin/reports/shops-profit-pay,https://pacred.co/admin/reports/shops-profit-pay,page,admin,no,yes,app/[locale]/(admin)/admin/reports/shops-profit-pay/page.tsx
/admin/reports/sla-cycle-time,https://pacred.co/admin/reports/sla-cycle-time,page,admin,no,yes,app/[locale]/(admin)/admin/reports/sla-cycle-time/page.tsx
/admin/reports/sms-usage,https://pacred.co/admin/reports/sms-usage,page,admin,no,yes,app/[locale]/(admin)/admin/reports/sms-usage/page.tsx
/admin/reports/system,https://pacred.co/admin/reports/system,page,admin,no,yes,app/[locale]/(admin)/admin/reports/system/page.tsx
/admin/reports/user-sales-history,https://pacred.co/admin/reports/user-sales-history,page,admin,no,yes,app/[locale]/(admin)/admin/reports/user-sales-history/page.tsx
/admin/reports/user-sales-history/[customer_id],https://pacred.co/admin/reports/user-sales-history/[customer_id],page,admin,yes,yes,app/[locale]/(admin)/admin/reports/user-sales-history/[customer_id]/page.tsx
/admin/reports/yuan-profit,https://pacred.co/admin/reports/yuan-profit,page,admin,no,yes,app/[locale]/(admin)/admin/reports/yuan-profit/page.tsx
/admin/sales-payouts,https://pacred.co/admin/sales-payouts,page,admin,no,yes,app/[locale]/(admin)/admin/sales-payouts/page.tsx
/admin/sales-payouts/[id],https://pacred.co/admin/sales-payouts/[id],page,admin,yes,yes,app/[locale]/(admin)/admin/sales-payouts/[id]/page.tsx
/admin/search,https://pacred.co/admin/search,page,admin,no,yes,app/[locale]/(admin)/admin/search/page.tsx
/admin/service-orders,https://pacred.co/admin/service-orders,page,admin,no,yes,app/[locale]/(admin)/admin/service-orders/page.tsx
/admin/service-orders/cart,https://pacred.co/admin/service-orders/cart,page,admin,no,yes,app/[locale]/(admin)/admin/service-orders/cart/page.tsx
/admin/service-orders/cart/add,https://pacred.co/admin/service-orders/cart/add,page,admin,no,yes,app/[locale]/(admin)/admin/service-orders/cart/add/page.tsx
/admin/service-orders/[hNo],https://pacred.co/admin/service-orders/[hNo],page,admin,yes,yes,app/[locale]/(admin)/admin/service-orders/[hNo]/page.tsx
/admin/service-orders/[hNo]/edit,https://pacred.co/admin/service-orders/[hNo]/edit,page,admin,yes,yes,app/[locale]/(admin)/admin/service-orders/[hNo]/edit/page.tsx
/admin/service-orders/notes,https://pacred.co/admin/service-orders/notes,page,admin,no,yes,app/[locale]/(admin)/admin/service-orders/notes/page.tsx
/admin/service-orders/print,https://pacred.co/admin/service-orders/print,page,admin,no,yes,app/[locale]/(admin)/admin/service-orders/print/page.tsx
/admin/service-orders/refunds,https://pacred.co/admin/service-orders/refunds,page,admin,no,yes,app/[locale]/(admin)/admin/service-orders/refunds/page.tsx
/admin/settings,https://pacred.co/admin/settings,page,admin,no,yes,app/[locale]/(admin)/admin/settings/page.tsx
/admin/settings/business-config,https://pacred.co/admin/settings/business-config,page,admin,no,yes,app/[locale]/(admin)/admin/settings/business-config/page.tsx
/admin/settings/contacts,https://pacred.co/admin/settings/contacts,page,admin,no,yes,app/[locale]/(admin)/admin/settings/contacts/page.tsx
/admin/settings/forwarder-costs,https://pacred.co/admin/settings/forwarder-costs,page,admin,no,yes,app/[locale]/(admin)/admin/settings/forwarder-costs/page.tsx
/admin/settings/legacy-rates,https://pacred.co/admin/settings/legacy-rates,page,admin,no,yes,app/[locale]/(admin)/admin/settings/legacy-rates/page.tsx
/admin/settings/notifications,https://pacred.co/admin/settings/notifications,page,admin,no,yes,app/[locale]/(admin)/admin/settings/notifications/page.tsx
/admin/settings/promos,https://pacred.co/admin/settings/promos,page,admin,no,yes,app/[locale]/(admin)/admin/settings/promos/page.tsx
/admin/settings/tos-versions,https://pacred.co/admin/settings/tos-versions,page,admin,no,yes,app/[locale]/(admin)/admin/settings/tos-versions/page.tsx
/admin/settings/vip-tiers,https://pacred.co/admin/settings/vip-tiers,page,admin,no,yes,app/[locale]/(admin)/admin/settings/vip-tiers/page.tsx
/admin/shop-disbursement,https://pacred.co/admin/shop-disbursement,page,admin,no,yes,app/[locale]/(admin)/admin/shop-disbursement/page.tsx
/admin/shop-disbursement/history,https://pacred.co/admin/shop-disbursement/history,page,admin,no,yes,app/[locale]/(admin)/admin/shop-disbursement/history/page.tsx
/admin/shop-disbursement/history/[id],https://pacred.co/admin/shop-disbursement/history/[id],page,admin,yes,yes,app/[locale]/(admin)/admin/shop-disbursement/history/[id]/page.tsx
/admin/shop-disbursement/history/[id]/print,https://pacred.co/admin/shop-disbursement/history/[id]/print,page,admin,yes,yes,app/[locale]/(admin)/admin/shop-disbursement/history/[id]/print/page.tsx
/admin/shop-payouts,https://pacred.co/admin/shop-payouts,page,admin,no,yes,app/[locale]/(admin)/admin/shop-payouts/page.tsx
/admin/system/cron-health,https://pacred.co/admin/system/cron-health,page,admin,no,yes,app/[locale]/(admin)/admin/system/cron-health/page.tsx
/admin/system/crons,https://pacred.co/admin/system/crons,page,admin,no,yes,app/[locale]/(admin)/admin/system/crons/page.tsx
/admin/system/notifications,https://pacred.co/admin/system/notifications,page,admin,no,yes,app/[locale]/(admin)/admin/system/notifications/page.tsx
/admin/system/pcs-sync,https://pacred.co/admin/system/pcs-sync,page,admin,no,yes,app/[locale]/(admin)/admin/system/pcs-sync/page.tsx
/admin/tax-invoices,https://pacred.co/admin/tax-invoices,page,admin,no,yes,app/[locale]/(admin)/admin/tax-invoices/page.tsx
/admin/tax-invoices/[id],https://pacred.co/admin/tax-invoices/[id],page,admin,yes,yes,app/[locale]/(admin)/admin/tax-invoices/[id]/page.tsx
/admin/team-leaders,https://pacred.co/admin/team-leaders,page,admin,no,yes,app/[locale]/(admin)/admin/team-leaders/page.tsx
/admin/tools/china-category,https://pacred.co/admin/tools/china-category,page,admin,no,yes,app/[locale]/(admin)/admin/tools/china-category/page.tsx
/admin/wallet,https://pacred.co/admin/wallet,page,admin,no,yes,app/[locale]/(admin)/admin/wallet/page.tsx
/admin/wallet/add,https://pacred.co/admin/wallet/add,page,admin,no,yes,app/[locale]/(admin)/admin/wallet/add/page.tsx
/admin/wallet/deposit,https://pacred.co/admin/wallet/deposit,page,admin,no,yes,app/[locale]/(admin)/admin/wallet/deposit/page.tsx
/admin/wallet/history,https://pacred.co/admin/wallet/history,page,admin,no,yes,app/[locale]/(admin)/admin/wallet/history/page.tsx
/admin/wallet/[id],https://pacred.co/admin/wallet/[id],page,admin,yes,yes,app/[locale]/(admin)/admin/wallet/[id]/page.tsx
/admin/wallet/pay-user,https://pacred.co/admin/wallet/pay-user,page,admin,no,yes,app/[locale]/(admin)/admin/wallet/pay-user/page.tsx
/admin/wallet/withdrawals,https://pacred.co/admin/wallet/withdrawals,page,admin,no,yes,app/[locale]/(admin)/admin/wallet/withdrawals/page.tsx
/admin/warehouse/bulletin,https://pacred.co/admin/warehouse/bulletin,page,admin,no,yes,app/[locale]/(admin)/admin/warehouse/bulletin/page.tsx
/admin/warehouse/containers,https://pacred.co/admin/warehouse/containers,page,admin,no,yes,app/[locale]/(admin)/admin/warehouse/containers/page.tsx
/admin/warehouse/qa-inspections,https://pacred.co/admin/warehouse/qa-inspections,page,admin,no,yes,app/[locale]/(admin)/admin/warehouse/qa-inspections/page.tsx
/admin/warehouse/qa-inspections/[id],https://pacred.co/admin/warehouse/qa-inspections/[id],page,admin,yes,yes,app/[locale]/(admin)/admin/warehouse/qa-inspections/[id]/page.tsx
/admin/warehouse/qa-inspections/new,https://pacred.co/admin/warehouse/qa-inspections/new,page,admin,no,yes,app/[locale]/(admin)/admin/warehouse/qa-inspections/new/page.tsx
/admin/warehouse/worker,https://pacred.co/admin/warehouse/worker,page,admin,no,yes,app/[locale]/(admin)/admin/warehouse/worker/page.tsx
/admin/warehouse/worker/follow,https://pacred.co/admin/warehouse/worker/follow,page,admin,no,yes,app/[locale]/(admin)/admin/warehouse/worker/follow/page.tsx
/admin/warehouse/worker/intake,https://pacred.co/admin/warehouse/worker/intake,page,admin,no,yes,app/[locale]/(admin)/admin/warehouse/worker/intake/page.tsx
/admin/warehouse/worker/measure,https://pacred.co/admin/warehouse/worker/measure,page,admin,no,yes,app/[locale]/(admin)/admin/warehouse/worker/measure/page.tsx
/admin/warehouse/worker/sacks,https://pacred.co/admin/warehouse/worker/sacks,page,admin,no,yes,app/[locale]/(admin)/admin/warehouse/worker/sacks/page.tsx
/admin/warehouse/worker/shipping,https://pacred.co/admin/warehouse/worker/shipping,page,admin,no,yes,app/[locale]/(admin)/admin/warehouse/worker/shipping/page.tsx
/admin/wht,https://pacred.co/admin/wht,page,admin,no,yes,app/[locale]/(admin)/admin/wht/page.tsx
/admin/withdrawal/freight-th,https://pacred.co/admin/withdrawal/freight-th,page,admin,no,yes,app/[locale]/(admin)/admin/withdrawal/freight-th/page.tsx
/admin/withdrawals,https://pacred.co/admin/withdrawals,page,admin,no,yes,app/[locale]/(admin)/admin/withdrawals/page.tsx
/admin/yuan-payments,https://pacred.co/admin/yuan-payments,page,admin,no,yes,app/[locale]/(admin)/admin/yuan-payments/page.tsx
/admin/yuan-payments/[id],https://pacred.co/admin/yuan-payments/[id],page,admin,yes,yes,app/[locale]/(admin)/admin/yuan-payments/[id]/page.tsx
/admin/yuan-payments/new,https://pacred.co/admin/yuan-payments/new,page,admin,no,yes,app/[locale]/(admin)/admin/yuan-payments/new/page.tsx
/api/admin/audit/export,https://pacred.co/api/admin/audit/export,route-handler,api,no,no,app/api/admin/audit/export/route.tsx
/api/admin/forwarders/check-tracking,https://pacred.co/api/admin/forwarders/check-tracking,route-handler,api,no,no,app/api/admin/forwarders/check-tracking/route.ts
/api/admin/momo/backfill,https://pacred.co/api/admin/momo/backfill,route-handler,api,no,no,app/api/admin/momo/backfill/route.ts
/api/admin/momo/container-closed,https://pacred.co/api/admin/momo/container-closed,route-handler,api,no,no,app/api/admin/momo/container-closed/route.ts
/api/admin/momo/debug/tracking,https://pacred.co/api/admin/momo/debug/tracking,route-handler,api,no,no,app/api/admin/momo/debug/tracking/route.ts
/api/admin/momo/import-track,https://pacred.co/api/admin/momo/import-track,route-handler,api,no,no,app/api/admin/momo/import-track/route.ts
/api/admin/momo/sack-info,https://pacred.co/api/admin/momo/sack-info,route-handler,api,no,no,app/api/admin/momo/sack-info/route.ts
/api/admin/momo/sync,https://pacred.co/api/admin/momo/sync,route-handler,api,no,no,app/api/admin/momo/sync/route.ts
/api/admin/momo/sync-preview,https://pacred.co/api/admin/momo/sync-preview,route-handler,api,no,no,app/api/admin/momo/sync-preview/route.ts
/api/admin/sms-diagnostic,https://pacred.co/api/admin/sms-diagnostic,route-handler,api,no,no,app/api/admin/sms-diagnostic/route.ts
/api/china-search,https://pacred.co/api/china-search,route-handler,api,no,no,app/api/china-search/route.ts
/api/china-search/image,https://pacred.co/api/china-search/image,route-handler,api,no,no,app/api/china-search/image/route.ts
/api/cron/auto-cancel-orders,https://pacred.co/api/cron/auto-cancel-orders,route-handler,api,no,no,app/api/cron/auto-cancel-orders/route.ts
/api/cron/billing-run-overdue,https://pacred.co/api/cron/billing-run-overdue,route-handler,api,no,no,app/api/cron/billing-run-overdue/route.ts
/api/cron/cargothai-sync,https://pacred.co/api/cron/cargothai-sync,route-handler,api,no,no,app/api/cron/cargothai-sync/route.ts
/api/cron/container-bulletin,https://pacred.co/api/cron/container-bulletin,route-handler,api,no,no,app/api/cron/container-bulletin/route.ts
/api/cron/expire-driver-assignments,https://pacred.co/api/cron/expire-driver-assignments,route-handler,api,no,no,app/api/cron/expire-driver-assignments/route.ts
/api/cron/expire-probation,https://pacred.co/api/cron/expire-probation,route-handler,api,no,no,app/api/cron/expire-probation/route.ts
/api/cron/margin-flag,https://pacred.co/api/cron/margin-flag,route-handler,api,no,no,app/api/cron/margin-flag/route.ts
/api/cron/momo-sync,https://pacred.co/api/cron/momo-sync,route-handler,api,no,no,app/api/cron/momo-sync/route.ts
/api/cron/pcs-sync,https://pacred.co/api/cron/pcs-sync,route-handler,api,no,no,app/api/cron/pcs-sync/route.ts
/api/cron/reap-incomplete-signups,https://pacred.co/api/cron/reap-incomplete-signups,route-handler,api,no,no,app/api/cron/reap-incomplete-signups/route.ts
/api/cron/refresh-active-customers,https://pacred.co/api/cron/refresh-active-customers,route-handler,api,no,no,app/api/cron/refresh-active-customers/route.ts
/api/cron/sales-daily-digest,https://pacred.co/api/cron/sales-daily-digest,route-handler,api,no,no,app/api/cron/sales-daily-digest/route.ts
/api/cron/send-scheduled-broadcasts,https://pacred.co/api/cron/send-scheduled-broadcasts,route-handler,api,no,no,app/api/cron/send-scheduled-broadcasts/route.ts
/api/cron/sheets-sync-ctt,https://pacred.co/api/cron/sheets-sync-ctt,route-handler,api,no,no,app/api/cron/sheets-sync-ctt/route.ts
/api/cron/sms-balance-check,https://pacred.co/api/cron/sms-balance-check,route-handler,api,no,no,app/api/cron/sms-balance-check/route.ts
/api/cron/sync-container-cost-sheet,https://pacred.co/api/cron/sync-container-cost-sheet,route-handler,api,no,no,app/api/cron/sync-container-cost-sheet/route.ts
/api/cron/wallet-reconcile,https://pacred.co/api/cron/wallet-reconcile,route-handler,api,no,no,app/api/cron/wallet-reconcile/route.ts
/api/customs-declaration/[id],https://pacred.co/api/customs-declaration/[id],route-handler,api,yes,no,app/api/customs-declaration/[id]/route.tsx
/api/customs-letter,https://pacred.co/api/customs-letter,route-handler,api,no,no,app/api/customs-letter/route.tsx
/api/dbd/[taxId],https://pacred.co/api/dbd/[taxId],route-handler,api,yes,no,app/api/dbd/[taxId]/route.ts
/api/freight-invoice/[id],https://pacred.co/api/freight-invoice/[id],route-handler,api,yes,no,app/api/freight-invoice/[id]/route.tsx
/api/freight-invoice/[id]/do-letter,https://pacred.co/api/freight-invoice/[id]/do-letter,route-handler,api,yes,no,app/api/freight-invoice/[id]/do-letter/route.tsx
/api/freight-invoice/[id]/form-e,https://pacred.co/api/freight-invoice/[id]/form-e,route-handler,api,yes,no,app/api/freight-invoice/[id]/form-e/route.tsx
/api/freight-invoice/[id]/packing-list,https://pacred.co/api/freight-invoice/[id]/packing-list,route-handler,api,yes,no,app/api/freight-invoice/[id]/packing-list/route.tsx
/api/freight-receipt/[id],https://pacred.co/api/freight-receipt/[id],route-handler,api,yes,no,app/api/freight-receipt/[id]/route.tsx
/api/observability/incident,https://pacred.co/api/observability/incident,route-handler,api,no,no,app/api/observability/incident/route.ts
/api/observability/sentry-webhook,https://pacred.co/api/observability/sentry-webhook,route-handler,api,no,no,app/api/observability/sentry-webhook/route.ts
/api/payment-due-count,https://pacred.co/api/payment-due-count,route-handler,api,no,no,app/api/payment-due-count/route.ts
/api/pdf/shop-order/[hNo],https://pacred.co/api/pdf/shop-order/[hNo],route-handler,api,yes,no,app/api/pdf/shop-order/[hNo]/route.tsx
/api/tax-invoice/[id],https://pacred.co/api/tax-invoice/[id],route-handler,api,yes,no,app/api/tax-invoice/[id]/route.tsx
/api/webhooks/line,https://pacred.co/api/webhooks/line,route-handler,api,no,no,app/api/webhooks/line/route.ts
/auth/callback,https://pacred.co/auth/callback,route-handler,system,no,no,app/auth/callback/route.ts
/auth/signout,https://pacred.co/auth/signout,route-handler,system,no,no,app/auth/signout/route.ts
/feed.xml,https://pacred.co/feed.xml,route-handler,system,no,no,app/feed.xml/route.ts
/line,https://pacred.co/line,route-handler,system,no,no,app/line/route.ts
/robots.txt,https://pacred.co/robots.txt,metadata,system,no,no,app/robots.ts
/sitemap.xml,https://pacred.co/sitemap.xml,metadata,system,no,no,app/sitemap.ts
